timestamp,temperature,heart_rate,activity,status
2025-02-21 15:38:08,37.83,124,96,Abnormal Temperature: 37.83°C; Abnormal Heart Rate: 124 bpm
2025-02-21 15:42:37,40.19,118,115,Abnormal Activity Level: 115
2025-02-21 15:42:42,39.01,69,22,Normal
2025-02-21 15:42:47,37.25,108,118,Abnormal Temperature: 37.25°C; Abnormal Activity Level: 118
2025-02-21 15:42:52,37.91,64,31,Abnormal Temperature: 37.91°C
2025-02-21 15:42:57,36.88,116,94,Abnormal Temperature: 36.88°C
2025-02-21 15:43:02,35.09,57,97,Abnormal Temperature: 35.09°C; Abnormal Heart Rate: 57 bpm
2025-02-21 15:43:08,38.24,120,98,Normal
2025-02-21 15:43:13,37.63,102,76,Abnormal Temperature: 37.63°C
2025-02-21 15:43:18,39.7,112,105,Abnormal Activity Level: 105
2025-02-21 15:43:23,39.71,94,119,Abnormal Activity Level: 119
2025-02-21 15:43:28,40.17,109,59,Normal
2025-02-21 15:43:33,38.39,54,72,Abnormal Heart Rate: 54 bpm
2025-02-21 15:43:38,37.59,129,41,Abnormal Temperature: 37.59°C; Abnormal Heart Rate: 129 bpm
2025-02-21 15:43:43,40.26,76,115,Abnormal Activity Level: 115
2025-02-21 15:43:48,36.73,60,20,Abnormal Temperature: 36.73°C
2025-02-21 15:43:54,40.29,64,91,Normal
2025-02-21 15:43:59,35.9,87,115,Abnormal Temperature: 35.9°C; Abnormal Activity Level: 115
2025-02-21 15:44:04,39.84,65,88,Normal
2025-02-21 15:44:09,37.99,52,93,Abnormal Temperature: 37.99°C; Abnormal Heart Rate: 52 bpm
2025-02-21 15:44:14,39.58,92,111,Abnormal Activity Level: 111
2025-02-21 15:44:19,41.68,85,25,Abnormal Temperature: 41.68°C
2025-02-21 15:44:24,37.07,70,61,Abnormal Temperature: 37.07°C
2025-02-21 15:44:29,40.06,55,18,Abnormal Heart Rate: 55 bpm; Abnormal Activity Level: 18
2025-02-21 15:44:34,39.7,114,84,Normal
2025-02-21 15:44:39,37.52,84,42,Abnormal Temperature: 37.52°C
2025-02-21 15:44:44,37.29,116,120,Abnormal Temperature: 37.29°C; Abnormal Activity Level: 120
2025-02-21 15:44:50,37.42,95,39,Abnormal Temperature: 37.42°C
2025-02-21 15:44:55,39.34,89,14,Abnormal Activity Level: 14
2025-02-21 15:45:00,35.07,50,110,Abnormal Temperature: 35.07°C; Abnormal Heart Rate: 50 bpm; Abnormal Activity Level: 110
2025-02-21 15:45:05,37.48,78,73,Abnormal Temperature: 37.48°C
2025-02-21 15:45:10,36.39,97,120,Abnormal Temperature: 36.39°C; Abnormal Activity Level: 120
2025-02-21 15:45:15,36.69,71,82,Abnormal Temperature: 36.69°C
2025-02-21 15:45:20,40.43,122,89,Abnormal Heart Rate: 122 bpm
2025-02-21 15:45:25,36.83,113,27,Abnormal Temperature: 36.83°C
2025-02-21 15:45:30,36.7,59,58,Abnormal Temperature: 36.7°C; Abnormal Heart Rate: 59 bpm
2025-02-21 15:45:36,35.28,100,11,Abnormal Temperature: 35.28°C; Abnormal Activity Level: 11
2025-02-21 15:45:41,36.11,119,80,Abnormal Temperature: 36.11°C
2025-02-21 15:45:46,36.31,124,15,Abnormal Temperature: 36.31°C; Abnormal Heart Rate: 124 bpm; Abnormal Activity Level: 15
2025-02-21 15:45:51,40.41,54,24,Abnormal Heart Rate: 54 bpm
2025-02-21 15:45:56,40.0,125,91,Abnormal Heart Rate: 125 bpm
2025-02-21 15:46:01,41.18,104,16,Abnormal Temperature: 41.18°C; Abnormal Activity Level: 16
2025-02-21 15:46:06,38.37,83,59,Normal
2025-02-21 15:46:11,35.54,61,64,Abnormal Temperature: 35.54°C
2025-02-21 15:46:16,40.5,65,76,Normal
2025-02-21 15:46:22,36.74,71,97,Abnormal Temperature: 36.74°C
2025-02-21 15:46:27,38.03,64,30,Normal
2025-02-21 15:46:32,39.29,61,113,Abnormal Activity Level: 113
2025-02-21 15:46:37,39.01,110,83,Normal
2025-02-21 15:46:42,35.63,127,27,Abnormal Temperature: 35.63°C; Abnormal Heart Rate: 127 bpm
2025-02-21 15:46:47,36.14,79,109,Abnormal Temperature: 36.14°C; Abnormal Activity Level: 109
2025-02-21 15:46:52,35.61,64,18,Abnormal Temperature: 35.61°C; Abnormal Activity Level: 18
2025-02-21 15:46:57,41.34,82,38,Abnormal Temperature: 41.34°C
2025-02-21 15:47:02,38.48,64,75,Normal
2025-02-21 15:47:07,39.42,123,11,Abnormal Heart Rate: 123 bpm; Abnormal Activity Level: 11
2025-02-21 15:47:13,40.68,53,75,Abnormal Temperature: 40.68°C; Abnormal Heart Rate: 53 bpm
2025-02-21 15:47:18,36.77,62,39,Abnormal Temperature: 36.77°C
2025-02-21 15:47:23,37.63,68,78,Abnormal Temperature: 37.63°C
2025-02-21 15:47:29,38.47,83,21,Normal
2025-02-21 15:47:34,41.84,53,102,Abnormal Temperature: 41.84°C; Abnormal Heart Rate: 53 bpm; Abnormal Activity Level: 102
2025-02-21 15:47:40,36.61,62,25,Abnormal Temperature: 36.61°C
2025-02-21 15:47:45,36.26,127,99,Abnormal Temperature: 36.26°C; Abnormal Heart Rate: 127 bpm
2025-02-21 15:47:50,40.68,104,60,Abnormal Temperature: 40.68°C
2025-02-21 15:47:55,37.84,81,90,Abnormal Temperature: 37.84°C
2025-02-21 15:48:00,36.72,123,86,Abnormal Temperature: 36.72°C; Abnormal Heart Rate: 123 bpm
2025-02-21 15:48:05,40.02,99,84,Normal
2025-02-21 15:48:10,41.43,124,34,Abnormal Temperature: 41.43°C; Abnormal Heart Rate: 124 bpm
2025-02-21 15:48:15,38.64,86,27,Normal
2025-02-21 15:48:20,41.75,90,56,Abnormal Temperature: 41.75°C
2025-02-21 15:48:26,36.54,80,113,Abnormal Temperature: 36.54°C; Abnormal Activity Level: 113
2025-02-21 15:48:31,37.94,71,14,Abnormal Temperature: 37.94°C; Abnormal Activity Level: 14
2025-03-24 09:43:23,38.21,57,40,Abnormal Heart Rate: 57 bpm
2025-03-24 09:43:29,35.9,115,101,Abnormal Temperature: 35.9°C; Abnormal Activity Level: 101
2025-03-24 09:43:34,37.58,88,27,Abnormal Temperature: 37.58°C
2025-03-24 09:43:39,36.95,62,85,Abnormal Temperature: 36.95°C
2025-03-24 09:43:44,39.38,95,117,Abnormal Activity Level: 117
2025-03-24 09:43:49,37.76,51,10,Abnormal Temperature: 37.76°C; Abnormal Heart Rate: 51 bpm; Abnormal Activity Level: 10
2025-03-24 09:43:54,41.38,69,88,Abnormal Temperature: 41.38°C
2025-03-24 09:43:59,37.92,107,120,Abnormal Temperature: 37.92°C; Abnormal Activity Level: 120
2025-03-24 09:44:04,41.35,121,93,Abnormal Temperature: 41.35°C; Abnormal Heart Rate: 121 bpm
2025-03-24 09:44:09,40.29,62,106,Abnormal Activity Level: 106
2025-03-24 09:44:15,39.53,54,53,Abnormal Heart Rate: 54 bpm
2025-03-24 09:44:20,38.76,74,86,Normal
2025-03-24 09:44:25,36.81,83,114,Abnormal Temperature: 36.81°C; Abnormal Activity Level: 114
2025-03-24 09:44:30,36.13,52,11,Abnormal Temperature: 36.13°C; Abnormal Heart Rate: 52 bpm; Abnormal Activity Level: 11
2025-03-24 09:44:35,39.82,53,62,Abnormal Heart Rate: 53 bpm
2025-03-24 09:44:40,38.09,53,64,Abnormal Heart Rate: 53 bpm
2025-03-24 09:44:45,38.15,120,36,Normal
2025-03-24 09:44:50,41.96,123,66,Abnormal Temperature: 41.96°C; Abnormal Heart Rate: 123 bpm
2025-03-24 09:44:55,40.51,78,13,Abnormal Temperature: 40.51°C; Abnormal Activity Level: 13
2025-03-24 09:45:00,36.25,106,16,Abnormal Temperature: 36.25°C; Abnormal Activity Level: 16
2025-03-24 09:45:05,36.02,69,57,Abnormal Temperature: 36.02°C
2025-03-24 09:45:10,37.64,68,30,Abnormal Temperature: 37.64°C
2025-03-24 09:45:15,40.89,73,30,Abnormal Temperature: 40.89°C
2025-03-24 09:45:21,37.23,106,26,Abnormal Temperature: 37.23°C
2025-03-24 09:45:26,37.8,130,15,Abnormal Temperature: 37.8°C; Abnormal Heart Rate: 130 bpm; Abnormal Activity Level: 15
2025-03-24 09:45:31,39.54,72,119,Abnormal Activity Level: 119
2025-03-24 09:45:36,41.67,74,66,Abnormal Temperature: 41.67°C
2025-03-24 09:45:41,39.06,77,26,Normal
2025-03-24 09:45:46,39.69,84,61,Normal
2025-03-24 09:45:51,39.25,71,92,Normal
2025-03-24 09:45:56,39.51,72,66,Normal
2025-03-24 09:46:01,36.58,59,23,Abnormal Temperature: 36.58°C; Abnormal Heart Rate: 59 bpm
2025-03-24 09:46:06,37.1,87,48,Abnormal Temperature: 37.1°C
2025-03-24 09:46:12,40.48,82,56,Normal
2025-03-24 09:46:17,37.22,113,37,Abnormal Temperature: 37.22°C
2025-03-24 09:46:22,37.33,80,66,Abnormal Temperature: 37.33°C
2025-03-24 09:46:27,36.55,110,64,Abnormal Temperature: 36.55°C
2025-03-24 09:46:32,37.52,56,118,Abnormal Temperature: 37.52°C; Abnormal Heart Rate: 56 bpm; Abnormal Activity Level: 118
2025-03-24 09:46:37,38.04,115,92,Normal
2025-03-24 09:46:42,37.11,50,38,Abnormal Temperature: 37.11°C; Abnormal Heart Rate: 50 bpm
2025-03-24 09:46:47,41.93,58,117,Abnormal Temperature: 41.93°C; Abnormal Heart Rate: 58 bpm; Abnormal Activity Level: 117
2025-03-24 09:46:52,41.4,112,60,Abnormal Temperature: 41.4°C
2025-03-24 09:46:57,39.33,73,116,Abnormal Activity Level: 116
2025-03-24 09:47:03,40.24,124,69,Abnormal Heart Rate: 124 bpm
2025-03-24 09:47:08,40.33,112,45,Normal
2025-03-24 09:47:13,36.54,66,58,Abnormal Temperature: 36.54°C
2025-03-24 09:47:18,41.08,101,53,Abnormal Temperature: 41.08°C
2025-03-24 09:47:23,38.94,59,60,Abnormal Heart Rate: 59 bpm
2025-03-24 09:47:28,39.59,74,67,Normal
2025-03-24 09:47:33,39.72,105,47,Normal
2025-03-24 09:47:38,41.61,57,65,Abnormal Temperature: 41.61°C; Abnormal Heart Rate: 57 bpm
2025-03-24 09:47:43,40.09,91,98,Normal
2025-03-24 09:47:48,41.96,69,32,Abnormal Temperature: 41.96°C
2025-03-24 09:47:53,37.76,108,72,Abnormal Temperature: 37.76°C
2025-03-24 09:47:59,39.61,81,61,Normal
2025-03-24 09:48:04,40.6,118,118,Abnormal Temperature: 40.6°C; Abnormal Activity Level: 118
2025-03-24 09:48:09,39.26,93,55,Normal
2025-03-24 09:48:14,36.06,106,31,Abnormal Temperature: 36.06°C
2025-03-24 09:48:19,36.02,99,63,Abnormal Temperature: 36.02°C
2025-03-24 09:48:24,40.68,82,65,Abnormal Temperature: 40.68°C
2025-03-24 09:48:29,38.87,66,29,Normal
2025-03-24 09:48:34,37.53,72,58,Abnormal Temperature: 37.53°C
2025-03-24 09:48:39,40.76,73,14,Abnormal Temperature: 40.76°C; Abnormal Activity Level: 14
2025-03-24 09:48:44,36.67,126,32,Abnormal Temperature: 36.67°C; Abnormal Heart Rate: 126 bpm
2025-03-24 09:48:49,40.33,75,70,Normal
2025-03-24 09:48:54,41.68,69,120,Abnormal Temperature: 41.68°C; Abnormal Activity Level: 120
2025-03-24 09:48:59,38.7,105,120,Abnormal Activity Level: 120
2025-03-24 09:49:05,38.96,111,26,Normal
2025-03-24 09:49:10,38.68,102,55,Normal
2025-03-24 09:49:15,36.66,66,43,Abnormal Temperature: 36.66°C
2025-03-24 09:49:20,39.3,94,91,Normal
2025-03-24 09:49:25,39.59,73,59,Normal
2025-03-24 09:49:30,36.74,102,51,Abnormal Temperature: 36.74°C
2025-03-24 09:49:35,41.81,109,17,Abnormal Temperature: 41.81°C; Abnormal Activity Level: 17
2025-03-24 09:49:40,36.02,83,70,Abnormal Temperature: 36.02°C
2025-03-24 09:49:45,38.75,62,19,Abnormal Activity Level: 19
2025-03-24 09:49:50,36.72,63,36,Abnormal Temperature: 36.72°C
2025-03-24 09:49:55,36.81,130,119,Abnormal Temperature: 36.81°C; Abnormal Heart Rate: 130 bpm; Abnormal Activity Level: 119
2025-03-24 09:50:00,36.52,102,28,Abnormal Temperature: 36.52°C
2025-03-24 09:50:05,38.16,86,24,Normal
2025-03-24 09:50:10,40.6,110,40,Abnormal Temperature: 40.6°C
2025-03-24 09:50:16,39.47,65,95,Normal
2025-03-24 09:50:21,39.15,124,60,Abnormal Heart Rate: 124 bpm
2025-03-24 09:50:26,39.61,118,49,Normal
2025-03-24 09:50:31,39.23,108,13,Abnormal Activity Level: 13
2025-03-24 09:50:36,41.73,84,35,Abnormal Temperature: 41.73°C
2025-03-24 09:50:41,37.52,108,20,Abnormal Temperature: 37.52°C
2025-03-24 09:50:46,40.72,108,56,Abnormal Temperature: 40.72°C
2025-03-24 09:50:51,41.84,114,115,Abnormal Temperature: 41.84°C; Abnormal Activity Level: 115
2025-03-24 09:50:56,41.65,112,48,Abnormal Temperature: 41.65°C
2025-03-24 09:51:01,38.94,68,114,Abnormal Activity Level: 114
2025-03-24 09:51:06,38.43,62,110,Abnormal Activity Level: 110
2025-03-24 09:51:11,40.9,55,80,Abnormal Temperature: 40.9°C; Abnormal Heart Rate: 55 bpm
2025-03-24 09:51:16,35.53,72,81,Abnormal Temperature: 35.53°C
2025-03-24 09:51:21,41.07,121,23,Abnormal Temperature: 41.07°C; Abnormal Heart Rate: 121 bpm
2025-03-24 09:51:26,38.35,64,110,Abnormal Activity Level: 110
2025-03-24 09:51:31,38.83,103,60,Normal
2025-03-24 09:51:37,36.27,119,111,Abnormal Temperature: 36.27°C; Abnormal Activity Level: 111
2025-03-24 09:51:42,35.74,124,98,Abnormal Temperature: 35.74°C; Abnormal Heart Rate: 124 bpm
2025-03-24 09:51:47,38.47,91,92,Normal
2025-03-24 09:51:52,35.94,70,87,Abnormal Temperature: 35.94°C
2025-03-24 09:51:57,41.11,110,81,Abnormal Temperature: 41.11°C
2025-03-24 09:52:02,39.28,68,50,Normal
2025-03-24 09:52:07,35.84,59,119,Abnormal Temperature: 35.84°C; Abnormal Heart Rate: 59 bpm; Abnormal Activity Level: 119
2025-03-24 09:52:12,39.74,110,96,Normal
2025-03-24 09:52:17,40.33,68,115,Abnormal Activity Level: 115
2025-03-24 09:52:22,38.78,119,57,Normal
2025-03-24 09:52:27,40.91,84,40,Abnormal Temperature: 40.91°C
2025-03-24 09:52:32,35.03,114,85,Abnormal Temperature: 35.03°C
2025-03-24 09:52:37,35.93,81,24,Abnormal Temperature: 35.93°C
2025-03-24 09:52:42,38.58,54,105,Abnormal Heart Rate: 54 bpm; Abnormal Activity Level: 105
2025-03-24 09:52:47,38.8,85,120,Abnormal Activity Level: 120
2025-03-24 09:52:52,41.46,87,22,Abnormal Temperature: 41.46°C
2025-03-24 09:52:58,39.88,66,119,Abnormal Activity Level: 119
2025-03-24 09:53:03,37.48,71,11,Abnormal Temperature: 37.48°C; Abnormal Activity Level: 11
2025-03-24 09:53:08,38.78,103,56,Normal
2025-03-24 09:53:13,35.42,113,50,Abnormal Temperature: 35.42°C
2025-03-24 09:53:18,37.24,120,30,Abnormal Temperature: 37.24°C
2025-03-24 09:53:23,38.49,124,120,Abnormal Heart Rate: 124 bpm; Abnormal Activity Level: 120
2025-03-24 09:53:28,41.72,99,84,Abnormal Temperature: 41.72°C
2025-03-24 09:53:33,36.94,97,19,Abnormal Temperature: 36.94°C; Abnormal Activity Level: 19
2025-03-24 09:53:38,38.57,100,72,Normal
2025-03-24 09:53:43,36.57,114,78,Abnormal Temperature: 36.57°C
2025-03-24 09:53:48,39.42,68,78,Normal
2025-03-24 09:53:53,36.59,85,79,Abnormal Temperature: 36.59°C
2025-03-24 09:53:58,39.84,112,15,Abnormal Activity Level: 15
2025-03-24 09:54:03,38.79,100,98,Normal
2025-03-24 09:54:08,39.14,126,113,Abnormal Heart Rate: 126 bpm; Abnormal Activity Level: 113
2025-03-24 09:54:13,40.48,100,92,Normal
2025-03-24 09:54:19,39.4,127,108,Abnormal Heart Rate: 127 bpm; Abnormal Activity Level: 108
2025-03-24 09:54:24,40.77,88,73,Abnormal Temperature: 40.77°C
2025-03-24 09:54:29,36.34,63,85,Abnormal Temperature: 36.34°C
2025-03-24 09:54:34,38.21,127,58,Abnormal Heart Rate: 127 bpm
2025-03-24 09:54:39,37.63,101,79,Abnormal Temperature: 37.63°C
2025-03-24 09:54:44,40.69,124,101,Abnormal Temperature: 40.69°C; Abnormal Heart Rate: 124 bpm; Abnormal Activity Level: 101
2025-03-24 09:54:49,37.77,56,12,Abnormal Temperature: 37.77°C; Abnormal Heart Rate: 56 bpm; Abnormal Activity Level: 12
2025-03-24 09:54:54,40.33,113,22,Normal
2025-03-24 09:54:59,41.48,63,37,Abnormal Temperature: 41.48°C
2025-03-24 09:55:04,35.18,84,57,Abnormal Temperature: 35.18°C
2025-03-24 09:55:09,39.97,65,101,Abnormal Activity Level: 101
2025-03-24 09:55:14,35.86,111,30,Abnormal Temperature: 35.86°C
2025-03-24 09:55:19,40.82,104,93,Abnormal Temperature: 40.82°C
2025-03-24 09:55:24,39.18,130,100,Abnormal Heart Rate: 130 bpm
2025-03-24 09:55:29,39.58,117,49,Normal
2025-03-24 09:59:36,35.67,51,26,Abnormal Temperature: 35.67°C; Abnormal Heart Rate: 51 bpm
2025-03-24 09:59:41,39.05,59,114,Abnormal Heart Rate: 59 bpm; Abnormal Activity Level: 114
2025-03-24 09:59:46,37.88,104,19,Abnormal Temperature: 37.88°C; Abnormal Activity Level: 19
2025-03-24 09:59:51,38.54,96,25,Normal
2025-03-24 09:59:56,35.44,126,19,Abnormal Temperature: 35.44°C; Abnormal Heart Rate: 126 bpm; Abnormal Activity Level: 19
2025-03-24 10:00:01,35.17,125,24,Abnormal Temperature: 35.17°C; Abnormal Heart Rate: 125 bpm
2025-03-24 10:00:06,36.97,109,44,Abnormal Temperature: 36.97°C
2025-03-24 10:00:12,40.88,88,111,Abnormal Temperature: 40.88°C; Abnormal Activity Level: 111
2025-03-24 10:00:17,39.07,54,16,Abnormal Heart Rate: 54 bpm; Abnormal Activity Level: 16
2025-03-24 10:00:22,36.26,53,87,Abnormal Temperature: 36.26°C; Abnormal Heart Rate: 53 bpm
2025-03-24 10:00:27,36.35,50,99,Abnormal Temperature: 36.35°C; Abnormal Heart Rate: 50 bpm
2025-03-24 10:00:32,41.05,111,40,Abnormal Temperature: 41.05°C
2025-03-24 10:00:37,39.66,72,24,Normal
2025-03-24 10:00:42,39.97,81,83,Normal
2025-03-24 10:00:47,36.96,80,102,Abnormal Temperature: 36.96°C; Abnormal Activity Level: 102
2025-03-24 10:00:52,41.51,114,58,Abnormal Temperature: 41.51°C
2025-03-24 10:00:57,36.21,79,29,Abnormal Temperature: 36.21°C
2025-03-24 10:01:02,41.3,122,15,Abnormal Temperature: 41.3°C; Abnormal Heart Rate: 122 bpm; Abnormal Activity Level: 15
2025-03-24 10:01:07,40.01,95,113,Abnormal Activity Level: 113
2025-03-24 10:01:12,39.57,70,51,Normal
2025-03-24 10:01:17,37.13,54,83,Abnormal Temperature: 37.13°C; Abnormal Heart Rate: 54 bpm
2025-03-24 10:01:22,39.93,80,73,Normal
2025-03-24 10:01:28,37.26,71,43,Abnormal Temperature: 37.26°C
2025-03-24 10:01:33,36.84,80,77,Abnormal Temperature: 36.84°C
2025-03-24 10:01:38,35.41,88,28,Abnormal Temperature: 35.41°C
2025-03-24 10:01:43,38.61,122,83,Abnormal Heart Rate: 122 bpm
2025-03-24 10:01:48,38.25,77,25,Normal
2025-03-24 10:01:53,37.68,74,52,Abnormal Temperature: 37.68°C
2025-03-24 10:01:58,38.74,62,25,Normal
2025-03-24 10:02:03,36.27,105,53,Abnormal Temperature: 36.27°C
2025-03-24 10:02:08,39.0,82,21,Normal
2025-03-24 10:02:13,37.15,69,18,Abnormal Temperature: 37.15°C; Abnormal Activity Level: 18
2025-03-24 10:02:18,41.51,107,68,Abnormal Temperature: 41.51°C
2025-03-24 10:02:23,38.3,71,53,Normal
2025-03-24 10:02:28,40.12,117,16,Abnormal Activity Level: 16
2025-03-24 10:02:33,35.21,61,23,Abnormal Temperature: 35.21°C
2025-03-24 10:02:39,36.87,67,69,Abnormal Temperature: 36.87°C
2025-03-24 10:02:44,39.15,108,14,Abnormal Activity Level: 14
2025-03-24 10:02:49,36.23,122,94,Abnormal Temperature: 36.23°C; Abnormal Heart Rate: 122 bpm
2025-03-24 10:02:54,37.44,86,22,Abnormal Temperature: 37.44°C
2025-03-24 10:02:59,40.94,101,83,Abnormal Temperature: 40.94°C
2025-03-24 10:03:04,41.73,84,22,Abnormal Temperature: 41.73°C
2025-03-24 10:03:09,36.47,88,94,Abnormal Temperature: 36.47°C
2025-03-24 10:03:14,41.04,123,44,Abnormal Temperature: 41.04°C; Abnormal Heart Rate: 123 bpm
2025-03-24 10:03:19,37.65,73,77,Abnormal Temperature: 37.65°C
2025-03-24 10:03:24,39.41,54,59,Abnormal Heart Rate: 54 bpm
2025-03-24 10:03:29,36.55,110,104,Abnormal Temperature: 36.55°C; Abnormal Activity Level: 104
2025-03-24 10:03:34,37.35,63,18,Abnormal Temperature: 37.35°C; Abnormal Activity Level: 18
2025-03-24 10:03:39,37.11,53,81,Abnormal Temperature: 37.11°C; Abnormal Heart Rate: 53 bpm
2025-03-24 10:03:44,39.6,81,66,Normal
2025-03-24 10:03:50,41.15,93,98,Abnormal Temperature: 41.15°C
2025-03-24 10:03:55,35.4,119,49,Abnormal Temperature: 35.4°C
2025-03-24 10:04:00,36.32,103,87,Abnormal Temperature: 36.32°C
2025-03-24 10:04:05,39.07,87,77,Normal
2025-03-24 10:04:10,35.43,62,86,Abnormal Temperature: 35.43°C
2025-03-24 10:04:15,41.14,75,49,Abnormal Temperature: 41.14°C
2025-03-24 10:04:20,38.81,97,64,Normal
2025-03-24 10:04:25,35.58,82,11,Abnormal Temperature: 35.58°C; Abnormal Activity Level: 11
2025-03-24 10:04:30,40.1,72,55,Normal
2025-03-24 10:04:35,38.82,115,19,Abnormal Activity Level: 19
2025-03-24 10:04:40,40.12,88,21,Normal
2025-03-24 10:04:45,37.89,85,75,Abnormal Temperature: 37.89°C
2025-03-24 10:04:50,39.22,129,115,Abnormal Heart Rate: 129 bpm; Abnormal Activity Level: 115
2025-03-24 10:04:55,39.81,59,12,Abnormal Heart Rate: 59 bpm; Abnormal Activity Level: 12
2025-03-24 10:05:01,37.9,107,63,Abnormal Temperature: 37.9°C
2025-03-24 10:05:06,40.9,100,18,Abnormal Temperature: 40.9°C; Abnormal Activity Level: 18
2025-03-24 10:05:11,36.0,56,53,Abnormal Temperature: 36.0°C; Abnormal Heart Rate: 56 bpm
2025-03-24 10:05:16,35.37,70,90,Abnormal Temperature: 35.37°C
2025-03-24 10:05:21,40.66,107,86,Abnormal Temperature: 40.66°C
2025-03-24 10:05:26,36.08,73,15,Abnormal Temperature: 36.08°C; Abnormal Activity Level: 15
2025-03-24 10:05:31,37.71,71,69,Abnormal Temperature: 37.71°C
2025-03-24 10:05:36,35.92,73,74,Abnormal Temperature: 35.92°C
2025-03-24 10:05:41,40.33,59,25,Abnormal Heart Rate: 59 bpm
2025-03-24 10:05:46,41.24,79,66,Abnormal Temperature: 41.24°C
2025-03-24 10:05:51,36.31,59,112,Abnormal Temperature: 36.31°C; Abnormal Heart Rate: 59 bpm; Abnormal Activity Level: 112
2025-03-24 10:05:56,38.55,95,34,Normal
2025-03-24 10:06:01,36.68,64,56,Abnormal Temperature: 36.68°C
2025-03-24 10:06:06,38.77,126,78,Abnormal Heart Rate: 126 bpm
2025-03-24 10:06:11,38.26,129,75,Abnormal Heart Rate: 129 bpm
2025-03-24 10:06:17,35.86,114,113,Abnormal Temperature: 35.86°C; Abnormal Activity Level: 113
2025-03-24 10:06:22,36.23,103,39,Abnormal Temperature: 36.23°C
2025-03-24 10:06:27,35.71,127,110,Abnormal Temperature: 35.71°C; Abnormal Heart Rate: 127 bpm; Abnormal Activity Level: 110
2025-03-24 10:06:32,39.53,87,58,Normal
2025-03-24 10:06:37,41.41,106,50,Abnormal Temperature: 41.41°C
2025-03-24 10:06:42,40.23,78,54,Normal
2025-03-24 10:06:47,36.79,95,80,Abnormal Temperature: 36.79°C
2025-03-24 10:06:52,35.95,113,119,Abnormal Temperature: 35.95°C; Abnormal Activity Level: 119
2025-03-24 10:06:57,40.68,100,89,Abnormal Temperature: 40.68°C
2025-03-24 10:07:02,36.4,110,46,Abnormal Temperature: 36.4°C
2025-03-24 10:07:07,35.92,69,38,Abnormal Temperature: 35.92°C
2025-03-24 10:07:12,35.43,91,88,Abnormal Temperature: 35.43°C
2025-03-24 10:07:17,40.16,130,75,Abnormal Heart Rate: 130 bpm
2025-03-24 10:07:22,39.32,91,65,Normal
2025-03-24 10:07:27,39.56,99,81,Normal
2025-03-24 10:07:33,35.8,55,69,Abnormal Temperature: 35.8°C; Abnormal Heart Rate: 55 bpm
2025-03-24 10:07:38,41.89,102,67,Abnormal Temperature: 41.89°C
2025-03-24 10:07:43,35.42,56,107,Abnormal Temperature: 35.42°C; Abnormal Heart Rate: 56 bpm; Abnormal Activity Level: 107
2025-03-24 10:07:48,38.87,106,23,Normal
2025-03-24 10:07:53,36.09,70,37,Abnormal Temperature: 36.09°C
2025-03-24 10:07:58,41.2,92,116,Abnormal Temperature: 41.2°C; Abnormal Activity Level: 116
2025-03-24 10:08:03,37.26,117,69,Abnormal Temperature: 37.26°C
2025-03-24 10:08:08,36.74,66,27,Abnormal Temperature: 36.74°C
2025-03-24 10:08:13,37.4,79,110,Abnormal Temperature: 37.4°C; Abnormal Activity Level: 110
2025-03-24 10:08:18,39.72,80,21,Normal
2025-03-24 10:08:23,40.02,119,68,Normal
2025-03-24 10:08:28,40.53,114,52,Abnormal Temperature: 40.53°C
2025-03-24 10:08:34,40.27,94,63,Normal
2025-03-24 10:08:39,35.72,57,76,Abnormal Temperature: 35.72°C; Abnormal Heart Rate: 57 bpm
2025-03-24 10:08:44,40.74,50,76,Abnormal Temperature: 40.74°C; Abnormal Heart Rate: 50 bpm
2025-03-24 10:08:49,37.13,65,61,Abnormal Temperature: 37.13°C
2025-03-24 10:08:54,40.69,55,112,Abnormal Temperature: 40.69°C; Abnormal Heart Rate: 55 bpm; Abnormal Activity Level: 112
2025-03-24 10:08:59,37.68,107,115,Abnormal Temperature: 37.68°C; Abnormal Activity Level: 115
2025-03-24 10:09:04,40.64,115,72,Abnormal Temperature: 40.64°C
2025-03-24 10:09:09,37.41,115,120,Abnormal Temperature: 37.41°C; Abnormal Activity Level: 120
2025-03-24 10:09:14,35.94,121,101,Abnormal Temperature: 35.94°C; Abnormal Heart Rate: 121 bpm; Abnormal Activity Level: 101
2025-03-24 10:09:19,39.19,76,118,Abnormal Activity Level: 118
2025-03-24 10:09:24,37.19,115,88,Abnormal Temperature: 37.19°C
2025-03-24 10:09:29,40.24,66,67,Normal
2025-03-24 10:09:35,37.08,93,81,Abnormal Temperature: 37.08°C
2025-03-24 10:09:40,41.55,59,59,Abnormal Temperature: 41.55°C; Abnormal Heart Rate: 59 bpm
2025-03-24 10:09:45,35.97,67,111,Abnormal Temperature: 35.97°C; Abnormal Activity Level: 111
2025-03-24 10:09:50,41.94,102,74,Abnormal Temperature: 41.94°C
2025-03-24 10:09:55,39.33,100,15,Abnormal Activity Level: 15
2025-03-24 10:10:00,35.3,127,17,Abnormal Temperature: 35.3°C; Abnormal Heart Rate: 127 bpm; Abnormal Activity Level: 17
2025-03-24 10:10:05,41.84,117,43,Abnormal Temperature: 41.84°C
2025-03-24 10:10:10,35.45,97,58,Abnormal Temperature: 35.45°C
2025-03-24 10:10:15,37.43,94,95,Abnormal Temperature: 37.43°C
2025-03-24 10:10:20,37.78,64,31,Abnormal Temperature: 37.78°C
2025-03-24 10:10:25,40.53,108,102,Abnormal Temperature: 40.53°C; Abnormal Activity Level: 102
2025-03-24 10:10:30,39.08,106,119,Abnormal Activity Level: 119
2025-03-24 10:10:35,38.0,80,108,Abnormal Activity Level: 108
2025-03-24 10:10:40,35.99,68,51,Abnormal Temperature: 35.99°C
2025-03-24 10:10:45,35.51,128,51,Abnormal Temperature: 35.51°C; Abnormal Heart Rate: 128 bpm
2025-03-24 10:10:51,41.8,80,78,Abnormal Temperature: 41.8°C
2025-03-24 10:10:56,37.54,55,88,Abnormal Temperature: 37.54°C; Abnormal Heart Rate: 55 bpm
2025-03-24 10:11:01,40.17,113,11,Abnormal Activity Level: 11
2025-03-24 10:11:06,38.21,71,38,Normal
2025-03-24 10:11:11,36.84,130,90,Abnormal Temperature: 36.84°C; Abnormal Heart Rate: 130 bpm
2025-03-24 10:11:16,35.79,79,93,Abnormal Temperature: 35.79°C
2025-03-24 10:11:21,37.61,100,51,Abnormal Temperature: 37.61°C
2025-03-24 10:11:26,35.67,107,93,Abnormal Temperature: 35.67°C
2025-03-24 10:11:31,38.89,63,92,Normal
2025-03-24 10:11:36,40.86,54,99,Abnormal Temperature: 40.86°C; Abnormal Heart Rate: 54 bpm
2025-03-24 10:11:41,38.51,96,48,Normal
2025-03-24 10:11:46,37.7,106,39,Abnormal Temperature: 37.7°C
2025-03-24 10:11:52,40.58,102,64,Abnormal Temperature: 40.58°C
2025-03-24 10:11:57,35.63,74,103,Abnormal Temperature: 35.63°C; Abnormal Activity Level: 103
2025-03-24 10:12:02,37.58,75,15,Abnormal Temperature: 37.58°C; Abnormal Activity Level: 15
2025-03-24 10:12:07,35.8,53,66,Abnormal Temperature: 35.8°C; Abnormal Heart Rate: 53 bpm
2025-03-24 10:12:12,37.21,73,94,Abnormal Temperature: 37.21°C
2025-03-24 10:12:17,36.34,107,40,Abnormal Temperature: 36.34°C
2025-03-24 10:12:22,35.0,91,33,Abnormal Temperature: 35.0°C
2025-03-24 10:12:27,40.29,78,70,Normal
2025-03-24 10:12:32,37.96,101,35,Abnormal Temperature: 37.96°C
2025-03-24 10:12:37,40.64,125,92,Abnormal Temperature: 40.64°C; Abnormal Heart Rate: 125 bpm
2025-03-24 10:12:42,35.4,55,27,Abnormal Temperature: 35.4°C; Abnormal Heart Rate: 55 bpm
2025-03-24 10:12:47,38.28,50,116,Abnormal Heart Rate: 50 bpm; Abnormal Activity Level: 116
2025-03-24 10:12:52,39.52,103,62,Normal
2025-03-24 10:12:58,39.74,77,36,Normal
2025-03-24 10:13:03,36.67,128,56,Abnormal Temperature: 36.67°C; Abnormal Heart Rate: 128 bpm
2025-03-24 10:13:08,38.6,106,35,Normal
2025-03-24 10:13:13,40.66,70,45,Abnormal Temperature: 40.66°C
2025-03-24 10:13:18,38.78,73,75,Normal
2025-03-24 10:13:23,40.4,115,64,Normal
2025-03-24 10:13:28,36.2,98,96,Abnormal Temperature: 36.2°C
2025-03-24 10:13:33,36.84,58,74,Abnormal Temperature: 36.84°C; Abnormal Heart Rate: 58 bpm
2025-03-24 10:13:38,35.69,87,106,Abnormal Temperature: 35.69°C; Abnormal Activity Level: 106
2025-03-24 10:13:43,41.03,129,12,Abnormal Temperature: 41.03°C; Abnormal Heart Rate: 129 bpm; Abnormal Activity Level: 12
2025-03-24 10:13:48,41.33,77,115,Abnormal Temperature: 41.33°C; Abnormal Activity Level: 115
2025-03-24 10:13:53,37.6,99,57,Abnormal Temperature: 37.6°C
2025-03-24 10:13:58,39.23,114,43,Normal
2025-03-24 10:14:03,36.87,112,65,Abnormal Temperature: 36.87°C
2025-03-24 10:14:08,39.89,64,57,Normal
2025-03-24 10:14:14,39.31,70,39,Normal
2025-03-24 10:14:19,39.73,57,90,Abnormal Heart Rate: 57 bpm
2025-03-24 10:14:24,39.69,128,57,Abnormal Heart Rate: 128 bpm
2025-03-24 10:14:29,37.49,60,61,Abnormal Temperature: 37.49°C
2025-03-24 10:14:34,37.85,86,73,Abnormal Temperature: 37.85°C
2025-03-24 10:14:39,38.53,113,91,Normal
2025-03-24 10:14:44,39.7,62,94,Normal
2025-03-24 10:14:49,39.29,125,57,Abnormal Heart Rate: 125 bpm
2025-03-24 10:14:54,39.08,123,36,Abnormal Heart Rate: 123 bpm
2025-03-24 10:14:59,37.52,124,101,Abnormal Temperature: 37.52°C; Abnormal Heart Rate: 124 bpm; Abnormal Activity Level: 101
2025-03-24 10:15:04,38.58,108,22,Normal
2025-03-24 10:15:09,37.25,74,16,Abnormal Temperature: 37.25°C; Abnormal Activity Level: 16
2025-03-24 10:15:14,35.04,108,71,Abnormal Temperature: 35.04°C
2025-03-24 10:15:20,38.89,77,100,Normal
2025-03-24 10:15:25,41.24,67,75,Abnormal Temperature: 41.24°C
2025-03-24 10:15:30,40.87,56,12,Abnormal Temperature: 40.87°C; Abnormal Heart Rate: 56 bpm; Abnormal Activity Level: 12
2025-03-24 10:15:35,39.71,62,79,Normal
2025-03-24 10:15:40,35.42,80,49,Abnormal Temperature: 35.42°C
2025-03-24 10:15:45,40.01,108,13,Abnormal Activity Level: 13
2025-03-24 10:15:50,35.62,62,90,Abnormal Temperature: 35.62°C
2025-03-24 10:15:55,40.46,112,64,Normal
2025-03-24 10:16:00,41.31,97,12,Abnormal Temperature: 41.31°C; Abnormal Activity Level: 12
2025-03-24 10:16:05,37.82,50,63,Abnormal Temperature: 37.82°C; Abnormal Heart Rate: 50 bpm
2025-03-24 10:16:10,38.68,97,84,Normal
2025-03-24 10:16:15,37.79,73,34,Abnormal Temperature: 37.79°C
2025-03-24 10:16:20,37.05,113,49,Abnormal Temperature: 37.05°C
2025-03-24 10:16:25,38.4,88,70,Normal
2025-03-24 10:16:31,36.92,75,100,Abnormal Temperature: 36.92°C
2025-03-24 10:16:36,36.57,81,112,Abnormal Temperature: 36.57°C; Abnormal Activity Level: 112
2025-03-24 10:16:41,37.56,106,38,Abnormal Temperature: 37.56°C
2025-03-24 10:16:46,40.13,52,113,Abnormal Heart Rate: 52 bpm; Abnormal Activity Level: 113
2025-03-24 10:16:51,37.71,57,27,Abnormal Temperature: 37.71°C; Abnormal Heart Rate: 57 bpm
2025-03-24 10:16:56,36.43,63,55,Abnormal Temperature: 36.43°C
2025-03-24 10:17:01,39.38,74,61,Normal
2025-03-24 10:17:06,38.18,127,30,Abnormal Heart Rate: 127 bpm
2025-03-24 10:17:11,39.61,61,117,Abnormal Activity Level: 117
2025-03-24 10:17:16,40.73,100,89,Abnormal Temperature: 40.73°C
2025-03-24 10:17:21,39.75,60,96,Normal
2025-03-24 10:17:26,39.95,119,28,Normal
2025-03-24 10:17:31,36.7,73,79,Abnormal Temperature: 36.7°C
2025-03-24 10:20:20,37.65,115,15,Abnormal Temperature: 37.65°C; Abnormal Activity Level: 15
2025-03-24 10:20:26,37.58,50,98,Abnormal Temperature: 37.58°C; Abnormal Heart Rate: 50 bpm
2025-03-24 10:20:31,39.16,106,102,Abnormal Activity Level: 102
2025-03-24 10:20:36,41.62,61,106,Abnormal Temperature: 41.62°C; Abnormal Activity Level: 106
2025-03-24 10:20:41,40.56,128,109,Abnormal Temperature: 40.56°C; Abnormal Heart Rate: 128 bpm; Abnormal Activity Level: 109
2025-03-24 10:20:46,41.85,61,51,Abnormal Temperature: 41.85°C
2025-03-24 10:20:51,35.73,81,10,Abnormal Temperature: 35.73°C; Abnormal Activity Level: 10
2025-03-24 10:20:56,38.87,69,50,Normal
2025-03-24 10:21:01,41.12,62,71,Abnormal Temperature: 41.12°C
2025-03-24 10:21:06,35.26,111,88,Abnormal Temperature: 35.26°C
2025-03-24 10:21:11,41.88,74,109,Abnormal Temperature: 41.88°C; Abnormal Activity Level: 109
2025-03-24 10:21:16,40.39,75,37,Normal
2025-03-24 10:21:22,41.26,102,101,Abnormal Temperature: 41.26°C; Abnormal Activity Level: 101
2025-03-24 10:21:27,38.96,54,78,Abnormal Heart Rate: 54 bpm
2025-03-24 10:21:32,40.91,120,102,Abnormal Temperature: 40.91°C; Abnormal Activity Level: 102
2025-03-24 10:21:37,40.52,50,60,Abnormal Temperature: 40.52°C; Abnormal Heart Rate: 50 bpm
2025-03-24 10:21:42,36.69,99,26,Abnormal Temperature: 36.69°C
2025-03-24 10:21:47,38.89,76,73,Normal
2025-03-24 10:21:52,40.2,72,117,Abnormal Activity Level: 117
2025-03-24 10:21:57,37.28,52,49,Abnormal Temperature: 37.28°C; Abnormal Heart Rate: 52 bpm
2025-03-24 10:22:02,38.84,78,23,Normal
2025-03-24 10:22:07,37.69,121,114,Abnormal Temperature: 37.69°C; Abnormal Heart Rate: 121 bpm; Abnormal Activity Level: 114
2025-03-24 10:22:12,41.16,129,79,Abnormal Temperature: 41.16°C; Abnormal Heart Rate: 129 bpm
2025-03-24 10:22:17,41.71,60,98,Abnormal Temperature: 41.71°C
2025-03-24 10:22:22,38.91,94,22,Normal
2025-03-24 10:22:28,40.88,53,28,Abnormal Temperature: 40.88°C; Abnormal Heart Rate: 53 bpm
2025-03-24 10:22:33,39.16,58,81,Abnormal Heart Rate: 58 bpm
2025-03-24 10:22:38,35.39,124,23,Abnormal Temperature: 35.39°C; Abnormal Heart Rate: 124 bpm
2025-03-24 10:22:43,39.86,78,84,Normal
2025-03-24 10:22:48,41.41,92,43,Abnormal Temperature: 41.41°C
2025-03-24 10:22:53,41.5,105,76,Abnormal Temperature: 41.5°C
2025-03-24 10:22:58,37.42,94,75,Abnormal Temperature: 37.42°C
2025-03-24 10:23:03,36.31,52,94,Abnormal Temperature: 36.31°C; Abnormal Heart Rate: 52 bpm
2025-03-24 10:23:08,39.47,78,93,Normal
2025-03-24 10:23:13,36.67,85,82,Abnormal Temperature: 36.67°C
2025-03-24 10:23:18,38.3,93,18,Abnormal Activity Level: 18
2025-03-24 10:23:24,40.11,73,93,Normal
2025-03-24 10:23:29,41.4,89,91,Abnormal Temperature: 41.4°C
2025-03-24 10:23:34,38.13,119,16,Abnormal Activity Level: 16
2025-03-24 10:23:39,40.26,80,116,Abnormal Activity Level: 116
2025-03-24 10:23:44,36.69,107,84,Abnormal Temperature: 36.69°C
2025-03-24 10:23:49,41.96,77,57,Abnormal Temperature: 41.96°C
2025-03-24 10:23:54,40.55,123,91,Abnormal Temperature: 40.55°C; Abnormal Heart Rate: 123 bpm
2025-03-24 10:23:59,40.92,105,54,Abnormal Temperature: 40.92°C
2025-03-24 10:24:04,38.5,100,64,Normal
2025-03-24 10:24:09,37.28,109,50,Abnormal Temperature: 37.28°C
2025-03-24 10:24:14,37.22,83,115,Abnormal Temperature: 37.22°C; Abnormal Activity Level: 115
2025-03-24 10:24:20,41.32,75,35,Abnormal Temperature: 41.32°C
2025-03-24 10:24:25,35.79,116,36,Abnormal Temperature: 35.79°C
2025-03-24 10:24:30,41.97,57,101,Abnormal Temperature: 41.97°C; Abnormal Heart Rate: 57 bpm; Abnormal Activity Level: 101
2025-03-24 10:24:35,35.6,52,104,Abnormal Temperature: 35.6°C; Abnormal Heart Rate: 52 bpm; Abnormal Activity Level: 104
2025-03-24 10:24:40,40.01,122,27,Abnormal Heart Rate: 122 bpm
2025-03-24 10:24:45,35.84,95,26,Abnormal Temperature: 35.84°C
2025-03-24 10:24:50,38.61,63,84,Normal
2025-03-24 10:24:55,36.43,66,48,Abnormal Temperature: 36.43°C
2025-03-24 10:25:00,40.86,127,81,Abnormal Temperature: 40.86°C; Abnormal Heart Rate: 127 bpm
2025-03-24 10:25:05,39.57,90,116,Abnormal Activity Level: 116
2025-03-24 10:25:10,37.38,57,106,Abnormal Temperature: 37.38°C; Abnormal Heart Rate: 57 bpm; Abnormal Activity Level: 106
2025-03-24 10:25:16,35.38,108,33,Abnormal Temperature: 35.38°C
2025-03-24 10:25:21,37.86,50,52,Abnormal Temperature: 37.86°C; Abnormal Heart Rate: 50 bpm
2025-03-24 10:25:26,38.22,113,27,Normal
2025-03-24 10:25:31,37.77,51,85,Abnormal Temperature: 37.77°C; Abnormal Heart Rate: 51 bpm
2025-03-24 10:25:36,37.71,85,79,Abnormal Temperature: 37.71°C
2025-03-24 10:25:41,37.68,94,26,Abnormal Temperature: 37.68°C
2025-03-24 10:25:46,41.87,109,118,Abnormal Temperature: 41.87°C; Abnormal Activity Level: 118
2025-03-24 10:25:51,39.85,116,27,Normal
2025-03-24 10:25:56,37.47,101,40,Abnormal Temperature: 37.47°C
2025-03-24 10:26:01,41.01,93,84,Abnormal Temperature: 41.01°C
2025-03-24 10:26:06,35.04,60,90,Abnormal Temperature: 35.04°C
2025-03-24 10:26:11,37.15,83,78,Abnormal Temperature: 37.15°C
2025-03-24 10:26:16,35.04,92,26,Abnormal Temperature: 35.04°C
2025-03-24 10:26:21,35.76,82,103,Abnormal Temperature: 35.76°C; Abnormal Activity Level: 103
2025-03-24 10:26:27,35.02,85,53,Abnormal Temperature: 35.02°C
2025-03-24 10:26:32,36.55,122,102,Abnormal Temperature: 36.55°C; Abnormal Heart Rate: 122 bpm; Abnormal Activity Level: 102
2025-03-24 10:26:37,37.37,104,103,Abnormal Temperature: 37.37°C; Abnormal Activity Level: 103
2025-03-24 10:26:42,35.65,127,69,Abnormal Temperature: 35.65°C; Abnormal Heart Rate: 127 bpm
2025-03-24 10:26:47,39.21,119,29,Normal
2025-03-24 10:26:52,40.11,117,37,Normal
2025-03-24 10:26:57,38.81,105,30,Normal
2025-03-24 10:27:02,40.34,97,110,Abnormal Activity Level: 110
2025-03-24 10:27:07,39.27,112,63,Normal
2025-03-24 10:27:12,36.29,115,73,Abnormal Temperature: 36.29°C
2025-03-24 10:27:17,39.91,97,45,Normal
2025-03-24 10:27:22,37.19,128,99,Abnormal Temperature: 37.19°C; Abnormal Heart Rate: 128 bpm
2025-03-24 10:27:27,38.3,113,84,Normal
2025-03-24 10:27:33,40.23,113,85,Normal
2025-03-24 10:27:38,41.26,67,89,Abnormal Temperature: 41.26°C
2025-03-24 10:27:43,39.95,78,104,Abnormal Activity Level: 104
2025-03-24 10:27:48,39.02,114,116,Abnormal Activity Level: 116
2025-03-24 10:27:53,36.86,104,96,Abnormal Temperature: 36.86°C
2025-03-24 10:27:58,36.51,121,39,Abnormal Temperature: 36.51°C; Abnormal Heart Rate: 121 bpm
2025-03-24 10:28:03,37.73,75,29,Abnormal Temperature: 37.73°C
2025-03-24 10:28:08,35.93,98,75,Abnormal Temperature: 35.93°C
2025-03-24 10:28:13,41.71,96,36,Abnormal Temperature: 41.71°C
2025-03-24 10:28:18,39.46,60,114,Abnormal Activity Level: 114
2025-03-24 10:28:23,35.16,99,41,Abnormal Temperature: 35.16°C
2025-03-24 10:28:28,41.28,109,38,Abnormal Temperature: 41.28°C
2025-03-24 10:28:33,37.25,60,48,Abnormal Temperature: 37.25°C
2025-03-24 10:28:38,37.21,113,56,Abnormal Temperature: 37.21°C
2025-03-24 10:28:44,38.88,93,55,Normal
2025-03-24 10:28:49,36.47,107,107,Abnormal Temperature: 36.47°C; Abnormal Activity Level: 107
2025-03-24 10:28:54,38.57,74,25,Normal
2025-03-24 10:28:59,37.76,60,73,Abnormal Temperature: 37.76°C
2025-03-24 10:29:04,39.29,89,96,Normal
2025-03-24 10:29:09,39.37,56,19,Abnormal Heart Rate: 56 bpm; Abnormal Activity Level: 19
2025-03-24 10:29:14,40.47,100,24,Normal
2025-03-24 10:29:19,36.92,114,36,Abnormal Temperature: 36.92°C
2025-03-24 10:29:24,36.34,126,68,Abnormal Temperature: 36.34°C; Abnormal Heart Rate: 126 bpm
2025-03-24 10:29:29,35.5,92,27,Abnormal Temperature: 35.5°C
2025-03-24 10:29:34,41.15,74,118,Abnormal Temperature: 41.15°C; Abnormal Activity Level: 118
2025-03-24 10:29:39,37.83,102,42,Abnormal Temperature: 37.83°C
2025-03-24 10:29:44,35.49,51,70,Abnormal Temperature: 35.49°C; Abnormal Heart Rate: 51 bpm
2025-03-24 10:29:49,38.79,50,69,Abnormal Heart Rate: 50 bpm
2025-03-24 10:29:55,39.79,116,76,Normal
2025-03-24 10:30:00,42.0,108,80,Abnormal Temperature: 42.0°C
2025-03-24 10:30:05,37.63,76,105,Abnormal Temperature: 37.63°C; Abnormal Activity Level: 105
2025-03-24 10:30:10,37.5,73,95,Abnormal Temperature: 37.5°C
2025-03-24 10:30:15,38.22,107,68,Normal
2025-03-24 10:30:20,37.06,128,105,Abnormal Temperature: 37.06°C; Abnormal Heart Rate: 128 bpm; Abnormal Activity Level: 105
2025-03-24 10:30:25,39.29,85,53,Normal
2025-03-24 10:30:30,36.3,126,74,Abnormal Temperature: 36.3°C; Abnormal Heart Rate: 126 bpm
2025-03-24 10:30:35,38.64,115,44,Normal
2025-03-24 10:30:40,38.98,69,93,Normal
2025-03-24 10:30:45,41.35,96,100,Abnormal Temperature: 41.35°C
2025-03-24 10:30:50,38.8,55,120,Abnormal Heart Rate: 55 bpm; Abnormal Activity Level: 120
2025-03-24 10:30:55,39.24,86,63,Normal
2025-03-24 10:31:00,37.79,95,24,Abnormal Temperature: 37.79°C
2025-03-24 10:31:06,39.16,97,30,Normal
2025-03-24 10:31:11,36.29,82,29,Abnormal Temperature: 36.29°C
2025-03-24 10:31:16,41.91,55,71,Abnormal Temperature: 41.91°C; Abnormal Heart Rate: 55 bpm
2025-03-24 10:31:21,38.21,128,102,Abnormal Heart Rate: 128 bpm; Abnormal Activity Level: 102
2025-03-24 10:31:26,38.07,71,22,Normal
2025-03-24 10:31:31,37.86,99,77,Abnormal Temperature: 37.86°C
2025-03-24 10:31:36,35.14,54,26,Abnormal Temperature: 35.14°C; Abnormal Heart Rate: 54 bpm
2025-03-24 10:31:41,40.13,119,93,Normal
2025-03-24 10:31:46,41.14,99,93,Abnormal Temperature: 41.14°C
2025-03-24 10:31:51,37.48,106,83,Abnormal Temperature: 37.48°C
2025-03-24 10:31:56,40.88,77,95,Abnormal Temperature: 40.88°C
2025-03-24 10:32:02,38.9,97,102,Abnormal Activity Level: 102
2025-03-24 10:32:07,39.93,60,68,Normal
2025-03-24 10:32:12,39.18,115,38,Normal
2025-03-24 10:32:17,39.37,104,95,Normal
2025-03-24 10:32:22,41.88,129,71,Abnormal Temperature: 41.88°C; Abnormal Heart Rate: 129 bpm
2025-03-24 10:32:27,40.75,96,114,Abnormal Temperature: 40.75°C; Abnormal Activity Level: 114
2025-03-24 10:32:32,39.86,94,53,Normal
2025-03-24 10:32:37,41.83,104,80,Abnormal Temperature: 41.83°C
2025-03-24 10:32:42,38.38,108,80,Normal
2025-03-24 10:32:47,36.21,63,99,Abnormal Temperature: 36.21°C
2025-03-24 10:32:52,36.44,82,69,Abnormal Temperature: 36.44°C
2025-03-24 10:32:57,37.26,106,29,Abnormal Temperature: 37.26°C
2025-03-24 10:33:02,39.12,105,75,Normal
2025-03-24 10:33:07,41.6,125,69,Abnormal Temperature: 41.6°C; Abnormal Heart Rate: 125 bpm
2025-03-24 10:33:12,40.66,55,44,Abnormal Temperature: 40.66°C; Abnormal Heart Rate: 55 bpm
2025-03-24 10:33:18,39.55,70,12,Abnormal Activity Level: 12
2025-03-24 10:33:23,40.03,110,46,Normal
2025-03-24 10:33:28,35.74,100,107,Abnormal Temperature: 35.74°C; Abnormal Activity Level: 107
2025-03-24 10:33:33,38.71,53,34,Abnormal Heart Rate: 53 bpm
2025-03-24 10:33:38,40.64,104,77,Abnormal Temperature: 40.64°C
2025-03-24 10:33:43,40.53,89,40,Abnormal Temperature: 40.53°C
2025-03-24 10:33:48,39.9,119,45,Normal
2025-03-24 10:33:53,38.29,68,65,Normal
2025-03-24 10:33:58,38.44,53,75,Abnormal Heart Rate: 53 bpm
2025-03-24 10:34:03,41.84,82,113,Abnormal Temperature: 41.84°C; Abnormal Activity Level: 113
2025-03-24 10:34:08,37.71,106,31,Abnormal Temperature: 37.71°C
2025-03-24 10:34:13,41.99,62,74,Abnormal Temperature: 41.99°C
2025-03-24 10:34:18,41.24,83,64,Abnormal Temperature: 41.24°C
2025-03-24 10:34:24,40.56,104,106,Abnormal Temperature: 40.56°C; Abnormal Activity Level: 106
2025-03-24 10:34:29,37.69,85,57,Abnormal Temperature: 37.69°C
2025-03-24 10:34:34,41.75,95,33,Abnormal Temperature: 41.75°C
2025-03-24 10:34:39,38.11,103,11,Abnormal Activity Level: 11
2025-03-24 10:34:44,38.21,83,100,Normal
2025-03-24 11:06:33,37.12,73,85,Abnormal Temperature: 37.12°C
2025-03-24 11:06:38,38.97,64,29,Normal
2025-03-24 11:06:44,36.84,101,101,Abnormal Temperature: 36.84°C; Abnormal Activity Level: 101
2025-03-24 11:06:49,41.33,89,96,Abnormal Temperature: 41.33°C
2025-03-24 11:06:54,39.76,116,104,Abnormal Activity Level: 104
2025-03-24 11:06:59,40.86,56,17,Abnormal Temperature: 40.86°C; Abnormal Heart Rate: 56 bpm; Abnormal Activity Level: 17
2025-03-24 11:07:04,40.43,82,88,Normal
2025-03-24 11:07:09,37.39,88,117,Abnormal Temperature: 37.39°C; Abnormal Activity Level: 117
2025-03-24 11:07:14,35.3,64,77,Abnormal Temperature: 35.3°C
2025-03-24 11:07:19,41.59,120,46,Abnormal Temperature: 41.59°C
2025-03-24 11:07:24,38.6,65,117,Abnormal Activity Level: 117
2025-03-24 11:07:29,41.12,121,41,Abnormal Temperature: 41.12°C; Abnormal Heart Rate: 121 bpm
2025-03-24 11:07:34,38.27,111,61,Normal
2025-03-24 11:07:40,37.2,74,45,Abnormal Temperature: 37.2°C
2025-03-24 11:07:45,38.48,92,102,Abnormal Activity Level: 102
2025-03-24 11:07:50,41.41,122,62,Abnormal Temperature: 41.41°C; Abnormal Heart Rate: 122 bpm
2025-03-24 11:07:55,40.33,82,110,Abnormal Activity Level: 110
2025-03-24 11:08:00,37.04,65,73,Abnormal Temperature: 37.04°C
2025-03-24 11:08:05,37.11,56,26,Abnormal Temperature: 37.11°C; Abnormal Heart Rate: 56 bpm
2025-03-24 11:08:10,39.76,54,89,Abnormal Heart Rate: 54 bpm
2025-03-24 11:08:15,37.42,119,45,Abnormal Temperature: 37.42°C
2025-03-24 11:08:20,40.24,65,76,Normal
2025-03-24 11:08:25,38.17,94,44,Normal
2025-03-24 11:08:30,36.38,89,39,Abnormal Temperature: 36.38°C
2025-03-24 11:08:35,37.83,126,56,Abnormal Temperature: 37.83°C; Abnormal Heart Rate: 126 bpm
2025-03-24 11:08:40,36.58,69,15,Abnormal Temperature: 36.58°C; Abnormal Activity Level: 15
2025-03-24 11:08:46,38.74,75,57,Normal
2025-03-24 11:08:51,36.87,108,115,Abnormal Temperature: 36.87°C; Abnormal Activity Level: 115
2025-03-24 11:08:56,40.0,129,62,Abnormal Heart Rate: 129 bpm
2025-03-24 11:09:01,38.01,81,109,Abnormal Activity Level: 109
2025-03-24 11:09:06,38.92,79,116,Abnormal Activity Level: 116
2025-03-24 11:09:11,41.35,84,68,Abnormal Temperature: 41.35°C
2025-03-24 11:09:16,36.93,51,89,Abnormal Temperature: 36.93°C; Abnormal Heart Rate: 51 bpm
2025-03-24 11:09:21,39.92,64,98,Normal
2025-03-24 11:09:26,38.92,97,21,Normal
2025-03-24 11:09:31,38.22,69,42,Normal
2025-03-24 11:09:36,39.77,74,105,Abnormal Activity Level: 105
2025-03-24 11:09:41,39.97,90,48,Normal
2025-03-24 11:09:46,40.4,129,16,Abnormal Heart Rate: 129 bpm; Abnormal Activity Level: 16
2025-03-24 11:09:52,39.7,129,63,Abnormal Heart Rate: 129 bpm
2025-03-24 11:09:57,35.88,52,56,Abnormal Temperature: 35.88°C; Abnormal Heart Rate: 52 bpm
2025-03-24 11:10:02,41.02,108,71,Abnormal Temperature: 41.02°C
2025-03-24 11:10:07,38.15,82,28,Normal
2025-03-24 11:10:12,39.28,70,21,Normal
2025-03-24 11:10:17,36.89,74,104,Abnormal Temperature: 36.89°C; Abnormal Activity Level: 104
2025-03-24 11:10:22,40.72,92,21,Abnormal Temperature: 40.72°C
2025-03-24 11:10:27,36.07,92,104,Abnormal Temperature: 36.07°C; Abnormal Activity Level: 104
2025-03-24 11:10:32,36.07,97,118,Abnormal Temperature: 36.07°C; Abnormal Activity Level: 118
2025-03-24 11:10:37,38.34,52,71,Abnormal Heart Rate: 52 bpm
2025-03-24 11:10:42,39.27,62,100,Normal
2025-03-24 11:10:47,36.59,85,96,Abnormal Temperature: 36.59°C
2025-03-24 11:10:53,38.98,103,94,Normal
2025-03-24 11:10:58,41.9,121,108,Abnormal Temperature: 41.9°C; Abnormal Heart Rate: 121 bpm; Abnormal Activity Level: 108
2025-03-24 11:11:03,40.91,72,114,Abnormal Temperature: 40.91°C; Abnormal Activity Level: 114
2025-03-24 11:11:08,41.33,52,13,Abnormal Temperature: 41.33°C; Abnormal Heart Rate: 52 bpm; Abnormal Activity Level: 13
2025-03-24 11:11:13,41.78,130,110,Abnormal Temperature: 41.78°C; Abnormal Heart Rate: 130 bpm; Abnormal Activity Level: 110
2025-03-24 11:11:18,41.65,60,77,Abnormal Temperature: 41.65°C
2025-03-24 11:11:23,36.24,87,50,Abnormal Temperature: 36.24°C
2025-03-24 11:11:28,37.29,119,58,Abnormal Temperature: 37.29°C
2025-03-24 11:11:33,41.07,76,23,Abnormal Temperature: 41.07°C
2025-03-24 11:11:38,40.16,126,73,Abnormal Heart Rate: 126 bpm
2025-03-24 11:11:44,37.04,90,72,Abnormal Temperature: 37.04°C
2025-03-24 11:11:49,37.89,72,69,Abnormal Temperature: 37.89°C
2025-03-24 11:11:54,37.84,92,102,Abnormal Temperature: 37.84°C; Abnormal Activity Level: 102
2025-03-24 11:11:59,38.91,76,22,Normal
2025-03-24 11:12:04,40.35,114,67,Normal
2025-03-24 11:12:09,38.43,69,113,Abnormal Activity Level: 113
2025-03-24 11:12:14,40.06,94,62,Normal
2025-03-24 11:12:19,35.62,125,98,Abnormal Temperature: 35.62°C; Abnormal Heart Rate: 125 bpm
2025-03-24 11:12:24,36.45,122,19,Abnormal Temperature: 36.45°C; Abnormal Heart Rate: 122 bpm; Abnormal Activity Level: 19
2025-03-24 11:12:29,39.25,101,100,Normal
2025-03-24 11:12:34,41.68,65,95,Abnormal Temperature: 41.68°C
2025-03-24 11:12:40,35.59,96,74,Abnormal Temperature: 35.59°C
2025-03-24 11:12:45,35.2,118,93,Abnormal Temperature: 35.2°C
2025-03-24 11:12:50,37.69,66,94,Abnormal Temperature: 37.69°C
2025-03-24 11:12:55,35.86,60,12,Abnormal Temperature: 35.86°C; Abnormal Activity Level: 12
2025-03-24 11:13:00,41.09,51,63,Abnormal Temperature: 41.09°C; Abnormal Heart Rate: 51 bpm
2025-03-24 11:13:05,41.61,119,67,Abnormal Temperature: 41.61°C
2025-03-24 11:13:10,41.1,112,58,Abnormal Temperature: 41.1°C
2025-03-24 11:13:15,38.19,67,20,Normal
2025-03-24 11:13:20,36.56,87,39,Abnormal Temperature: 36.56°C
2025-03-24 11:13:25,35.52,108,93,Abnormal Temperature: 35.52°C
2025-03-24 11:13:30,37.7,73,85,Abnormal Temperature: 37.7°C
2025-03-24 11:13:36,39.44,93,64,Normal
2025-03-24 11:13:41,36.08,107,60,Abnormal Temperature: 36.08°C
2025-03-24 11:13:46,37.3,82,80,Abnormal Temperature: 37.3°C
2025-03-24 11:13:51,35.17,105,15,Abnormal Temperature: 35.17°C; Abnormal Activity Level: 15
2025-03-24 11:13:56,40.04,52,116,Abnormal Heart Rate: 52 bpm; Abnormal Activity Level: 116
2025-03-24 11:14:01,41.59,75,110,Abnormal Temperature: 41.59°C; Abnormal Activity Level: 110
2025-03-24 11:14:07,41.19,50,25,Abnormal Temperature: 41.19°C; Abnormal Heart Rate: 50 bpm
2025-03-24 11:14:12,38.28,63,92,Normal
2025-03-24 11:14:17,40.99,54,57,Abnormal Temperature: 40.99°C; Abnormal Heart Rate: 54 bpm
2025-03-24 11:14:22,41.24,103,87,Abnormal Temperature: 41.24°C
2025-03-24 11:14:27,39.37,127,103,Abnormal Heart Rate: 127 bpm; Abnormal Activity Level: 103
2025-03-24 11:14:32,40.53,60,25,Abnormal Temperature: 40.53°C
2025-03-24 11:14:37,40.75,79,98,Abnormal Temperature: 40.75°C
2025-03-24 11:14:42,36.39,57,107,Abnormal Temperature: 36.39°C; Abnormal Heart Rate: 57 bpm; Abnormal Activity Level: 107
2025-03-24 11:14:47,37.16,105,49,Abnormal Temperature: 37.16°C
2025-03-24 11:14:52,41.82,77,37,Abnormal Temperature: 41.82°C
2025-03-24 11:14:58,38.13,115,55,Normal
2025-03-24 11:15:03,36.41,91,63,Abnormal Temperature: 36.41°C
2025-03-24 11:15:08,35.67,120,16,Abnormal Temperature: 35.67°C; Abnormal Activity Level: 16
2025-03-24 11:15:13,36.15,68,28,Abnormal Temperature: 36.15°C
2025-03-24 11:15:18,39.84,112,85,Normal
2025-03-24 11:15:23,38.15,128,100,Abnormal Heart Rate: 128 bpm
2025-03-24 11:15:28,35.38,93,81,Abnormal Temperature: 35.38°C
2025-03-24 11:15:33,41.09,104,86,Abnormal Temperature: 41.09°C
2025-03-24 11:15:39,36.24,59,76,Abnormal Temperature: 36.24°C; Abnormal Heart Rate: 59 bpm
2025-03-24 11:15:44,41.34,69,39,Abnormal Temperature: 41.34°C
2025-03-24 11:15:49,35.41,75,87,Abnormal Temperature: 35.41°C
2025-03-24 11:15:54,38.27,128,98,Abnormal Heart Rate: 128 bpm
2025-03-24 11:15:59,37.72,93,80,Abnormal Temperature: 37.72°C
2025-03-24 11:16:04,37.56,52,55,Abnormal Temperature: 37.56°C; Abnormal Heart Rate: 52 bpm
2025-03-24 11:16:09,40.09,115,105,Abnormal Activity Level: 105
2025-03-24 11:16:14,36.45,127,10,Abnormal Temperature: 36.45°C; Abnormal Heart Rate: 127 bpm; Abnormal Activity Level: 10
2025-03-24 11:16:19,40.95,123,98,Abnormal Temperature: 40.95°C; Abnormal Heart Rate: 123 bpm
2025-03-24 11:16:25,38.86,101,42,Normal
2025-03-24 11:16:30,35.29,60,118,Abnormal Temperature: 35.29°C; Abnormal Activity Level: 118
2025-03-24 11:16:35,40.54,57,83,Abnormal Temperature: 40.54°C; Abnormal Heart Rate: 57 bpm
